{
  "project_info": {
    "project_number": "372792095067",
    "project_id": "anyang-setup",
    "storage_bucket": "anyang-setup.appspot.com"
  },
  "client": [
    {
      "client_info": {
        "mobilesdk_app_id": "1:372792095067:android:6492c11722cbe5ef942a7e",
        "android_client_info": {
          "package_name": "com.example.anyang_setup"
        }
      },
      "oauth_client": [],
      "api_key": [
        {
          "current_key": "AIzaSyC-_Cy1_L2lq7VGRRxHXT3LxxBszv2a8ro"
        }
      ],
      "services": {
        "appinvite_service": {
          "other_platform_oauth_client": []
        }
      }
    }
  ],
  "configuration_version": "1"
}